ООО ТН Цифровая Логистика,Москва,2023-05-31 20:24:53.512695,https://spb.hh.ru/vacancy/81246630?from=vacancy_search_list&query=python,до 350 000 руб.
CATAPULTO.RU,Москва,2023-05-31 20:24:53.512695,https://spb.hh.ru/vacancy/80002041?from=vacancy_search_list&query=python,200 000 – 300 000 руб.
"«Procter & Gamble», Опытный специалист",Москва,2023-05-31 20:24:53.512695,https://spb.hh.ru/vacancy/79672184?from=vacancy_search_list&query=python,Нет данных!
Сбер. IT,Москва,2023-05-31 20:24:53.512695,https://spb.hh.ru/vacancy/79404780?from=vacancy_search_list&query=python,Нет данных!
ИП Щербин Алексей Сергеевич,Москва,2023-05-31 20:24:53.512695,https://spb.hh.ru/vacancy/80028912?from=vacancy_search_list&query=python,60 000 – 80 000 руб.
ООО РэилМатик,Санкт-Петербург,2023-05-31 20:24:53.512695,https://spb.hh.ru/vacancy/80913871?from=vacancy_search_list&query=python,80 000 – 100 000 руб.
ООО Гринтех,Санкт-Петербург,2023-05-31 20:24:53.512695,https://spb.hh.ru/vacancy/80525643?from=vacancy_search_list&query=python,80 000 – 110 000 руб.
Бизнес-Азимут,Москва,2023-05-31 20:24:53.512695,https://spb.hh.ru/vacancy/79248533?from=vacancy_search_list&query=python,300 000 – 350 000 руб.
evrone.ru,Москва,2023-05-31 20:24:53.512695,https://spb.hh.ru/vacancy/80955032?from=vacancy_search_list&query=python,до 400 000 руб.
ООО Центр экологической безопасности гражданской авиации,Москва,2023-05-31 20:24:53.512695,https://spb.hh.ru/vacancy/81264516?from=vacancy_search_list&query=python,90 000 – 120 000 руб.
ООО Дубайт,Москва,2023-05-31 20:24:53.512695,https://spb.hh.ru/vacancy/71147348?from=vacancy_search_list&query=python,300 000 – 500 000 руб.
ООО Вайт Код,Санкт-Петербург,2023-05-31 20:24:53.512695,https://spb.hh.ru/vacancy/78661418?from=vacancy_search_list&query=python,360 000 – 480 000 руб.
АО НИИ МАСШТАБ,Санкт-Петербург,2023-05-31 20:24:53.512695,https://spb.hh.ru/vacancy/80254946?from=vacancy_search_list&query=python,от 120 000 руб.
ИП Yenlik,Москва,2023-05-31 20:24:53.512695,https://spb.hh.ru/vacancy/81307690?from=vacancy_search_list&query=python,4 000 – 5 000 USD
ИП Мамаева Ирина Анатольевна,Москва,2023-05-31 20:24:53.512695,https://spb.hh.ru/vacancy/81209237?from=vacancy_search_list&query=python,250 000 – 380 000 руб.
СИНЕРГИЯ,Москва,2023-05-31 20:24:53.512695,https://spb.hh.ru/vacancy/81289236?from=vacancy_search_list&query=python,до 190 000 руб.
Novaco,Москва,2023-05-31 20:24:53.512695,https://spb.hh.ru/vacancy/81352460?from=vacancy_search_list&query=python,от 6 000 USD
НОНТОН.РФ,Санкт-Петербург,2023-05-31 20:24:53.512695,https://spb.hh.ru/vacancy/78908878?from=vacancy_search_list&query=python,от 60 000 руб.
ООО Ангара Сервис,Москва,2023-05-31 20:24:53.512695,https://spb.hh.ru/vacancy/80602682?from=vacancy_search_list&query=python,от 85 000 руб.
ООО Фаст Софт,Санкт-Петербург,2023-05-31 20:24:53.512695,https://spb.hh.ru/vacancy/79971388?from=vacancy_search_list&query=python,от 400 000 руб.
